Part,Color,Quantity
30374,0,4
2456,0,12
2653,0,2
30365,0,8
6134,0,16
4276b,0,8
298c03,0,8
298c03,0,1
3832,0,2
3022,0,1
2420,0,2
3035,0,4
3958,0,2
4032a,0,59
rb00169,0,2
rb00169,0,2
3660,0,4
3940b,0,2
2680b,0,2
3708,0,11
32474,0,2
32018,0,3
6558,0,3
2780,0,1
2780,0,4
3069b,0,1
2431,0,1
4150,0,4
2555,0,12
2412b,0,2
6179,0,2
3680,0,2
3006,1,1
2434,1,4
3023,1,4
3022,1,4
6190,8,2
30374,8,22
2357,8,2
2577,8,2
4733,8,2
30526,8,5
2877,8,18
30236,8,4
2458,8,4
3943b,8,11
3960ps2,8,6
30162,8,9
3710,8,1
3460,8,1
2445,8,8
3022,8,2
3031,8,13
3958,8,11
6141,8,10
6141,8,1
2540,8,1
3794a,8,4
4151a,8,2
41753,8,1
2431,8,20
2412b,8,34
33211,8,11
3023,320,14
3623,320,4
3710,320,8
4286,320,6
3039,320,8
6636,320,4
6177,320,2
2412b,320,18
41770,320,1
41769,320,1
2903,320,11
3020,2,1
2625,7,2
3004,7,8
3010,7,2
3008,7,2
3006,7,7
3001,7,2
2456,7,3
3007,7,3
3941,7,22
30414,7,30
2434,7,4
4589,7,4
4285b,7,6
3961,7,11
3937,7,21
30364,7,8
2440,7,1
4275b,7,8
4531,7,1
4213,7,6
3023,7,28
3710,7,7
3666,7,22
3022,7,4
3021,7,1
3020,7,6
3795,7,2
3030,7,1
3032,7,5
3035,7,1
3036,7,1
6141,7,1
4032a,7,4
30565,7,52
2540,7,8
3794a,7,32
3297,7,4
3040b,7,2
4871,7,4
30283,7,1
4599a,7,2
2730,7,2
3700,7,4
32000,7,5
3701,7,2
3894,7,6
4274,7,4
4274,7,1
32001,7,2
3738,7,11
3070b,7,6
2431,7,2
6636,7,4
4162,7,2
4150ps7,7,2
3068b,7,4
4150pr0022,7,4
2555,7,28
2412b,7,22
2432,7,1
3679,7,2
2515,7,11
10019stk01,9999,1
3005,4,4
3622,4,2
3010,4,2
3009,4,4
3001,4,24
4202,4,1
3063b,4,8
6232,4,6
6134,4,5
4477,4,2
3034,4,1
4510,4,2
2476b,4,31
4286,4,4
3665,4,8
6541,4,4
3700,4,2
3701,4,1
2412b,4,8
3622,19,1
3010,19,4
3007,19,1
3062b,19,2
4625,19,6
3022,19,1
4286,19,2
3040b,19,2
3039,19,2
3960,57,11
2625,15,2
3005,15,1
6111,15,16
6112,15,2
3245b,15,2
3622,15,8
3010,15,7
3009,15,14
3008,15,3
3006,15,6
3003,15,12
2357,15,2
30145,15,6
3002,15,13
3001,15,6
2456,15,3
3007,15,1
2356,15,1
3062b,15,16
30367a,15,8
3941,15,8
3063b,15,22
2577,15,10
4070,15,2
2877,15,21
2458,15,8
30237a,15,8
30414,15,6
4740,15,8
3937,15,4
30386,15,16
3938,15,1
2452,15,1
2362b,15,4
30562,15,52
3023,15,2
3710,15,16
3666,15,2
3832,15,2
4282,15,2
3022,15,2
3021,15,2
3020,15,12
3034,15,1
3030,15,4
3035,15,6
3033,15,7
3027,15,2
41539,15,4
6141,15,16
2654,15,4
30357,15,12
30363,15,6
4286,15,41
3298,15,4
3040b,15,12
3039,15,15
3037,15,4
4445,15,6
32083,15,3
3678a,15,16
3747a,15,19
3660,15,28
30283,15,6
30183,15,1
6239,15,4
2730,15,4
3895,15,3
3703,15,2
3702,15,2
3069b,15,2
2431,15,3
3068b,15,1
6177,15,2
2555,15,4
6565,15,11
6564,15,11
2413,15,18
3933,15,8
3934,15,8
30504,15,4
2418b,15,4
3004,14,2
3010,14,1
3938,14,2
